,Number,Area,Area per farmer
Marginal ,462990.0,251240.0,0.5426467094321692
Small ,398200.0,565310.0,1.4196634856855852
Semi medium ,250050.0,669319.9999999999,2.6767446510697854
Medium ,104880.0,595010.0,5.673245614035087
Large ,14110.0,198310.0,14.054571226080794
Total ,1230220.0,2279190.0,1.8526686283754126
